,label,sample
0,Paleofeces,UT43.2
1,Paleofeces,AW107
2,Paleofeces,AW108
3,Paleofeces,AW110A
4,Paleofeces,Zape1
5,Paleofeces,Zape2
6,Paleofeces,Zape3
7,Paleofeces,UT30.3
8,Non-industrial,MEX3158
9,Non-industrial,MEX3160
10,Non-industrial,MEX3162
11,Non-industrial,MEX3164
12,Non-industrial,MEX3165
13,Non-industrial,MEX3166
14,Non-industrial,MEX3167
15,Non-industrial,MEX3171
16,Non-industrial,MEX3174
17,Non-industrial,MEX3175
18,Non-industrial,MEX3178
19,Non-industrial,MEX3181
20,Non-industrial,MEX3182
21,Non-industrial,MEX3183
22,Non-industrial,MEX3186
23,Non-industrial,MEX3187
24,Non-industrial,MEX3188
25,Non-industrial,MEX3192
26,Non-industrial,MEX3195
27,Non-industrial,MEX3197
28,Non-industrial,MEX3200
29,Non-industrial,MEX3206
30,Non-industrial,SRS475534
31,Non-industrial,SRS475537
32,Non-industrial,SRS475539
33,Non-industrial,SRS475540
34,Non-industrial,SRS475541
35,Non-industrial,SRS475542
36,Non-industrial,SRS475545
37,Non-industrial,SRS475546
38,Non-industrial,SRS475549
39,Non-industrial,SRS475565
40,Non-industrial,SRS475566
41,Non-industrial,SRS475567
42,Non-industrial,SRS475568
43,Non-industrial,SRS475572
44,Non-industrial,SRS475575
45,Non-industrial,SRS475578
46,Non-industrial,SRS475585
47,Non-industrial,SRS475586
48,Non-industrial,SRS475589
49,Non-industrial,SRS475594
50,Non-industrial,SRS475598
51,Non-industrial,SRS475604
52,Non-industrial,SRS475611
53,Non-industrial,SRS475612
54,Non-industrial,SRS475624
55,Non-industrial,SRS475625
56,Non-industrial,SRS475626
57,Non-industrial,SRS475627
58,Non-industrial,SRS475630
59,Non-industrial,SRS475631
60,Non-industrial,SRS475648
61,Non-industrial,SRS475651
62,Non-industrial,SRS475658
63,Non-industrial,SRS475662
64,Non-industrial,SRS475664
65,Non-industrial,SRS475666
66,Non-industrial,SRS475667
67,Non-industrial,SRS475673
68,Non-industrial,SRS475681
69,Non-industrial,SRS475682
70,Non-industrial,SRS475684
71,Non-industrial,SRS475689
72,Non-industrial,SRS475690
73,Non-industrial,SRS475692
74,Non-industrial,SRS475694
75,Non-industrial,SRS475695
76,Non-industrial,SRS475698
77,Non-industrial,SRS475701
78,Non-industrial,SRS475702
79,Non-industrial,SRS475703
80,Non-industrial,SRS475705
81,Non-industrial,SRS475709
82,Non-industrial,SRS475722
83,Non-industrial,SRS475723
84,Non-industrial,SRS475920
85,Non-industrial,SRS475924
86,Non-industrial,SRS475925
87,Non-industrial,SRS475929
88,Non-industrial,SRS475931
89,Non-industrial,SRS475933
90,Non-industrial,SRS475936
91,Non-industrial,SRS475944
92,Non-industrial,SRS475953
93,Non-industrial,SRS475958
94,Non-industrial,SRS475962
95,Non-industrial,SRS475967
96,Non-industrial,SRS475968
97,Non-industrial,SRS475979
98,Non-industrial,SRS475980
99,Non-industrial,SRS475981
100,Non-industrial,SRS475984
101,Non-industrial,SRS475986
102,Non-industrial,SRS475987
103,Non-industrial,SRS475989
104,Non-industrial,SRS475990
105,Non-industrial,SRS475993
106,Non-industrial,SRS475994
107,Non-industrial,SRS475997
108,Non-industrial,SRS475998
109,Non-industrial,SRS476001
110,Non-industrial,SRS476013
111,Non-industrial,SRS476014
112,Non-industrial,SRS476015
113,Non-industrial,SRS476019
114,Non-industrial,SRS476020
115,Non-industrial,SRS476021
116,Non-industrial,SRS476034
117,Non-industrial,SRS476035
118,Non-industrial,SRS476037
119,Non-industrial,SRS476050
120,Non-industrial,SRS476051
121,Non-industrial,SRS476058
122,Non-industrial,SRS476070
123,Non-industrial,SRS476076
124,Non-industrial,SRS476077
125,Non-industrial,SRS476083
126,Non-industrial,SRS476092
127,Non-industrial,SRS476094
128,Non-industrial,SRS476095
129,Non-industrial,SRS476096
130,Non-industrial,SRS476097
131,Non-industrial,SRS476098
132,Non-industrial,SRS476100
133,Non-industrial,SRS476101
134,Non-industrial,SRS476103
135,Non-industrial,SRS476104
136,Non-industrial,SRS476106
137,Non-industrial,SRS476108
138,Non-industrial,SRS476114
139,Non-industrial,SRS476119
140,Non-industrial,SRS476120
141,Non-industrial,SRS476121
142,Non-industrial,SRS476125
143,Non-industrial,SRS476128
144,Non-industrial,SRS476139
145,Non-industrial,SRS476141
146,Non-industrial,SRS476142
147,Non-industrial,SRS476143
148,Non-industrial,SRS476144
149,Non-industrial,SRS476147
150,Non-industrial,SRS476148
151,Non-industrial,SRS476153
152,Non-industrial,SRS476154
153,Non-industrial,SRS476155
154,Non-industrial,SRS476159
155,Non-industrial,SRS476160
156,Non-industrial,SRS476163
157,Non-industrial,SRS476164
158,Non-industrial,SRS476166
159,Non-industrial,SRS476167
160,Non-industrial,SRS476169
161,Non-industrial,SRS476173
162,Non-industrial,SRS476182
163,Non-industrial,SRS476183
164,Non-industrial,SRS476184
165,Non-industrial,SRS476185
166,Non-industrial,SRS476187
167,Non-industrial,SRS476188
168,Non-industrial,SRS476189
169,Non-industrial,SRS476191
170,Non-industrial,SRS476192
171,Non-industrial,SRS476195
172,Non-industrial,SRS476198
173,Non-industrial,SRS476205
174,Non-industrial,SRS476211
175,Non-industrial,SRS476213
176,Non-industrial,SRS476262
177,Non-industrial,SRS476267
178,Non-industrial,SRS476269
179,Non-industrial,SRS476270
180,Non-industrial,SRS476271
181,Non-industrial,SRS476273
182,Non-industrial,SRS476274
183,Non-industrial,SRS476276
184,Non-industrial,SRS476277
185,Non-industrial,SRS476278
186,Non-industrial,SRS476280
187,Non-industrial,SRS476287
188,Non-industrial,SRS476290
189,Non-industrial,SRS476291
190,Non-industrial,SRS476293
191,Non-industrial,SRS476295
192,Non-industrial,SRS476296
193,Non-industrial,SRS476302
194,Non-industrial,SRS476306
195,Non-industrial,SRS476326
196,Non-industrial,SRS476328
197,Non-industrial,SRS476342
198,Non-industrial,SRS476430
199,Non-industrial,SRS476489
200,Non-industrial,SRS476518
201,Non-industrial,SRS476519
202,Non-industrial,SRS476794
203,Non-industrial,SRS477428
204,Non-industrial,A01_02_1FE
205,Non-industrial,A02_01_1FE
206,Non-industrial,A03_01_1FE
207,Non-industrial,A04_01_1FE
208,Non-industrial,A04_04_1FE
209,Non-industrial,A05_01_1FE
210,Non-industrial,A06_01_1FE
211,Non-industrial,A07_01_1FE
212,Non-industrial,A08_01_1FE
213,Non-industrial,A09_01_1FE
214,Non-industrial,A09_02_1FE
215,Non-industrial,A10_01_1FE
216,Non-industrial,A10_02_1FE
217,Non-industrial,A11_01_1FE
218,Non-industrial,A13_01_1FE
219,Non-industrial,A13_03_1FE
220,Non-industrial,A14_01_1FE
221,Non-industrial,A15_02_1FE
222,Non-industrial,A19_01_1FE
223,Non-industrial,A19_03_1FE
224,Non-industrial,A20_01_1FE
225,Non-industrial,A20_03_1FE
226,Non-industrial,A22_01_1FE
227,Non-industrial,A23_01_1FE
228,Non-industrial,A24_02_1FE
229,Non-industrial,A24_04_1FE
230,Non-industrial,A25_01_1FE
231,Non-industrial,A27_02_1FE
232,Non-industrial,A28_02_1FE
233,Non-industrial,A29_01_1FE
234,Non-industrial,A32_01_1FE
235,Non-industrial,A34_01_1FE
236,Non-industrial,A34_02_1FE
237,Non-industrial,A35_01_1FE
238,Non-industrial,A36_01_1FE
239,Non-industrial,A36_02_1FE
240,Non-industrial,A39_01_1FE
241,Non-industrial,A39_02_1FE
242,Non-industrial,A39_04_1FE
243,Non-industrial,A40_02_1FE
244,Non-industrial,A41_01_1FE
245,Non-industrial,A42_02_1FE
246,Non-industrial,A43_02_1FE
247,Non-industrial,A44_01_1FE
248,Non-industrial,A45_02_1FE
249,Non-industrial,A46_01_1FE
250,Non-industrial,A46_02_1FE
251,Non-industrial,A47_01_1FE
252,Non-industrial,A47_02_1FE
253,Non-industrial,A48_01_1FE
254,Non-industrial,A48_05_1FE
255,Non-industrial,A49_01_1FE
256,Non-industrial,A53_01_1FE
257,Non-industrial,A54_02_1FE
258,Non-industrial,A55_01_1FE
259,Non-industrial,A55_02_1FE
260,Non-industrial,A56_01_1FE
261,Non-industrial,A58_01_1FE
262,Non-industrial,A58_03_1FE
263,Non-industrial,A59_01_1FE
264,Non-industrial,A62_01_1FE
265,Non-industrial,A62_03_1FE
266,Non-industrial,A66_02_1FE
267,Non-industrial,A67_01_1FE
268,Non-industrial,A68_01_1FE
269,Non-industrial,A69_01_1FE
270,Non-industrial,A69_02_1FE
271,Non-industrial,A70_01_1FE
272,Non-industrial,A70_03_1FE
273,Non-industrial,A72_01_1FE
274,Non-industrial,A72_02_1FE
275,Non-industrial,A73_01_1FE
276,Non-industrial,A73_02_1FE
277,Non-industrial,A75_02_1FE
278,Non-industrial,A79_02_1FE
279,Non-industrial,A81_01_1FE
280,Non-industrial,A81_03_1FE
281,Non-industrial,A82_02_1FE
282,Non-industrial,A83_02_1FE
283,Non-industrial,A85_01_1FE
284,Non-industrial,A88_02_1FE
285,Non-industrial,A89_01_1FE
286,Non-industrial,A89_02_1FE
287,Non-industrial,A90_03_1FE
288,Non-industrial,A90_04_1FE
289,Non-industrial,A91_01_1FE
290,Non-industrial,A91_02_1FE
291,Non-industrial,A92_01_1FE
292,Non-industrial,A93_01_1FE
293,Non-industrial,A94_01_1FE
294,Non-industrial,A94_02_1FE
295,Non-industrial,A94_03_1FE
296,Non-industrial,A95_01_1FE
297,Non-industrial,V01_01_1FE
298,Non-industrial,V06_02_1FE
299,Non-industrial,V07_01_2FE
300,Non-industrial,V07_02_2FE
301,Non-industrial,V12_01_2FE
302,Non-industrial,V18_02_1FE
303,Non-industrial,V19_01_2FE
304,Non-industrial,V19_02_2FE
305,Non-industrial,V30_01_1FE
306,Non-industrial,V31_01_2FE
307,Non-industrial,V32_02_2FE
308,Non-industrial,V36_02_2FE
309,Non-industrial,V40_01_1FE
310,Non-industrial,V48_03_2FE
311,Non-industrial,V50_01_1FE
312,Non-industrial,V50_01_2FE
313,Non-industrial,V50_02_1FE
314,Non-industrial,V53_02_1FE
315,Non-industrial,V54_01_1FE
316,Non-industrial,H1
317,Non-industrial,H10
318,Non-industrial,H11
319,Non-industrial,H12
320,Non-industrial,H13
321,Non-industrial,H14
322,Non-industrial,H15
323,Non-industrial,H16
324,Non-industrial,H17
325,Non-industrial,H18
326,Non-industrial,H19
327,Non-industrial,H2
328,Non-industrial,H20
329,Non-industrial,H21
330,Non-industrial,H22
331,Non-industrial,H23
332,Non-industrial,H24
333,Non-industrial,H25
334,Non-industrial,H26
335,Non-industrial,H27
336,Non-industrial,H3
337,Non-industrial,H4
338,Non-industrial,H5
339,Non-industrial,H6
340,Non-industrial,H7
341,Non-industrial,H8
342,Non-industrial,H9
343,Non-industrial,HCO02
344,Non-industrial,HCO07
345,Non-industrial,HCO09
346,Non-industrial,HCO11
347,Non-industrial,HCO12
348,Non-industrial,HCO53
349,Non-industrial,HCO61
350,Non-industrial,HCO64
351,Non-industrial,HCO67
352,Non-industrial,HCO70
353,Non-industrial,HCO72
354,Non-industrial,HCO74
355,Non-industrial,SM01
356,Non-industrial,SM02
357,Non-industrial,SM03
358,Non-industrial,SM05
359,Non-industrial,SM11
360,Non-industrial,SM18
361,Non-industrial,SM20
362,Non-industrial,SM23
363,Non-industrial,SM24
364,Non-industrial,SM25
365,Non-industrial,SM28
366,Non-industrial,SM29
367,Non-industrial,SM30
368,Non-industrial,SM31
369,Non-industrial,SM32
370,Non-industrial,SM33
371,Non-industrial,SM34
372,Non-industrial,SM37
373,Non-industrial,SM39
374,Non-industrial,SM40
375,Non-industrial,SM41
376,Non-industrial,SM42
377,Non-industrial,SM43
378,Non-industrial,SM44
379,Industrial,NO01
380,Industrial,NO02
381,Industrial,NO03
382,Industrial,NO04
383,Industrial,NO05
384,Industrial,NO06
385,Industrial,NO08
386,Industrial,NO09
387,Industrial,NO10
388,Industrial,NO11
389,Industrial,NO12
390,Industrial,NO13
391,Industrial,NO14
392,Industrial,NO15
393,Industrial,NO16
394,Industrial,NO17
395,Industrial,NO18
396,Industrial,NO19
397,Industrial,NO20
398,Industrial,NO21
399,Industrial,NO22
400,Industrial,NO23
401,Industrial,MH0192
402,Industrial,MH0221
403,Industrial,MH0222
404,Industrial,MH0234
405,Industrial,MH0238
406,Industrial,MH0245
407,Industrial,MH0246
408,Industrial,MH0252
409,Industrial,MH0259
410,Industrial,MH0260
411,Industrial,MH0261
412,Industrial,MH0262
413,Industrial,MH0264
414,Industrial,MH0265
415,Industrial,MH0266
416,Industrial,MH0268
417,Industrial,MH0270
418,Industrial,MH0271
419,Industrial,MH0280
420,Industrial,MH0281
421,Industrial,MH0283
422,Industrial,MH0284
423,Industrial,MH0290
424,Industrial,MH0293
425,Industrial,MH0297
426,Industrial,MH0298
427,Industrial,MH0299
428,Industrial,MH0301
429,Industrial,MH0303
430,Industrial,MH0308
431,Industrial,MH0309
432,Industrial,MH0310
433,Industrial,MH0311
434,Industrial,MH0314
435,Industrial,MH0315
436,Industrial,MH0319
437,Industrial,MH0323
438,Industrial,MH0325
439,Industrial,MH0326
440,Industrial,MH0327
441,Industrial,MH0328
442,Industrial,MH0329
443,Industrial,MH0330
444,Industrial,MH0332
445,Industrial,MH0334
446,Industrial,MH0335
447,Industrial,MH0336
448,Industrial,MH0337
449,Industrial,MH0338
450,Industrial,MH0339
451,Industrial,MH0340
452,Industrial,MH0341
453,Industrial,MH0342
454,Industrial,MH0343
455,Industrial,MH0345
456,Industrial,MH0346
457,Industrial,MH0347
458,Industrial,MH0348
459,Industrial,MH0349
460,Industrial,MH0350
461,Industrial,MH0351
462,Industrial,MH0354
463,Industrial,MH0355
464,Industrial,MH0356
465,Industrial,MH0357
466,Industrial,MH0358
467,Industrial,MH0359
468,Industrial,MH0360
469,Industrial,MH0361
470,Industrial,MH0362
471,Industrial,MH0363
472,Industrial,MH0364
473,Industrial,MH0365
474,Industrial,MH0366
475,Industrial,MH0367
476,Industrial,MH0368
477,Industrial,MH0369
478,Industrial,MH0370
479,Industrial,MH0371
480,Industrial,MH0372
481,Industrial,MH0373
482,Industrial,MH0374
483,Industrial,MH0375
484,Industrial,MH0376
485,Industrial,MH0377
486,Industrial,MH0378
487,Industrial,MH0379
488,Industrial,MH0381
489,Industrial,MH0382
490,Industrial,MH0383
491,Industrial,MH0384
492,Industrial,MH0385
493,Industrial,MH0386
494,Industrial,MH0387
495,Industrial,MH0388
496,Industrial,MH0389
497,Industrial,MH0390
498,Industrial,MH0391
499,Industrial,MH0392
500,Industrial,MH0393
501,Industrial,MH0394
502,Industrial,MH0395
503,Industrial,MH0396
504,Industrial,MH0397
505,Industrial,MH0398
506,Industrial,MH0399
507,Industrial,MH0400
508,Industrial,MH0401
509,Industrial,MH0402
510,Industrial,O2.CD1.0
511,Industrial,O2.CD1.0.PT
512,Industrial,O2.CD2.0
513,Industrial,O2.CD2.0.PT
514,Industrial,O2.CD3.0.PT
515,Industrial,O2.UC1.1
516,Industrial,O2.UC11.1
517,Industrial,O2.UC12.1
518,Industrial,O2.UC13.1
519,Industrial,O2.UC14.1
520,Industrial,O2.UC15.0
521,Industrial,O2.UC15.1
522,Industrial,O2.UC15.2
523,Industrial,O2.UC16.1
524,Industrial,O2.UC17.1
525,Industrial,O2.UC18.1
526,Industrial,O2.UC19.1
527,Industrial,O2.UC20.1
528,Industrial,O2.UC2.1
529,Industrial,O2.UC21.1
530,Industrial,O2.UC22.1
531,Industrial,O2.UC23.1
532,Industrial,O2.UC24.1
533,Industrial,O2.UC26.1
534,Industrial,O2.UC27.1
535,Industrial,O2.UC28.0
536,Industrial,O2.UC28.1
537,Industrial,O2.UC28.2
538,Industrial,O2.UC29.1
539,Industrial,O2.UC30.1
540,Industrial,O2.UC3.1
541,Industrial,O2.UC31.1
542,Industrial,O2.UC32.1
543,Industrial,O2.UC35.1
544,Industrial,O2.UC36.0
545,Industrial,O2.UC36.1
546,Industrial,O2.UC37.1
547,Industrial,O2.UC38.1
548,Industrial,O2.UC40.1
549,Industrial,O2.UC4.1
550,Industrial,O2.UC41.1
551,Industrial,O2.UC43.1
552,Industrial,O2.UC44.1
553,Industrial,O2.UC46.1
554,Industrial,O2.UC47.1
555,Industrial,O2.UC48.1
556,Industrial,O2.UC5.1
557,Industrial,O2.UC6.0
558,Industrial,O2.UC6.1
559,Industrial,O2.UC6.2
560,Industrial,O2.UC7.0
561,Industrial,O2.UC7.1
562,Industrial,O2.UC8.0
563,Industrial,O2.UC8.1
564,Industrial,O2.UC8.2
565,Industrial,O2.UC9.1
566,Industrial,V1.CD1.0.PN
567,Industrial,V1.CD1.0.PT
568,Industrial,V1.CD12.3
569,Industrial,V1.CD1.3.PN
570,Industrial,V1.CD20.0
571,Industrial,V1.CD2.0.PN
572,Industrial,V1.CD2.0.PT
573,Industrial,V1.CD3.0.PN
574,Industrial,V1.CD3.0.PT
575,Industrial,V1.CD32.0
576,Industrial,V1.CD32.4
577,Industrial,V1.CD3.3.PN
578,Industrial,V1.CD37.4
579,Industrial,V1.CD40.0
580,Industrial,V1.CD4.0.PN
581,Industrial,V1.CD4.0.PT
582,Industrial,V1.CD43.0
583,Industrial,V1.CD44.0
584,Industrial,V1.CD44.4
585,Industrial,V1.CD45.0
586,Industrial,V1.CD46.0
587,Industrial,V1.CD48.0
588,Industrial,V1.CD49.0
589,Industrial,V1.CD50.0
590,Industrial,V1.CD5.0.PN
591,Industrial,V1.CD51.0
592,Industrial,V1.CD52.0
593,Industrial,V1.CD53.0
594,Industrial,V1.CD54.0
595,Industrial,V1.CD55.0
596,Industrial,V1.CD6.0.PN
597,Industrial,V1.CD6.0.PT
598,Industrial,V1.CD7.0.PN
599,Industrial,V1.CD8.0.PN
600,Industrial,V1.FI01
601,Industrial,V1.FI02
602,Industrial,V1.FI03
603,Industrial,V1.FI04
604,Industrial,V1.FI05
605,Industrial,V1.FI06
606,Industrial,V1.FI07
607,Industrial,V1.FI08
608,Industrial,V1.FI09
609,Industrial,V1.FI10
610,Industrial,V1.FI11
611,Industrial,V1.FI12
612,Industrial,V1.FI13
613,Industrial,V1.FI14
614,Industrial,V1.FI15
615,Industrial,V1.FI16
616,Industrial,V1.FI17
617,Industrial,V1.FI18
618,Industrial,V1.FI19
619,Industrial,V1.FI20
620,Industrial,V1.FI21
621,Industrial,V1.FI22
622,Industrial,V1.FI23
623,Industrial,V1.FI24
624,Industrial,V1.FI25
625,Industrial,V1.FI26
626,Industrial,V1.FI27
627,Industrial,V1.FI28
628,Industrial,V1.FI29
629,Industrial,V1.FI30
630,Industrial,V1.FI31
631,Industrial,V1.FI32
632,Industrial,V1.FI33
633,Industrial,V1.FI34
634,Industrial,V1.FI35
635,Industrial,V1.FI36
636,Industrial,V1.FI37
637,Industrial,V1.UC22.1
638,Industrial,V1.UC38.4
639,Industrial,V1.UC39.4
640,Industrial,V1.UC40.1
641,Industrial,V1.UC47.4
642,Industrial,V1.UC54.4
643,Industrial,V1.UC56.1
644,Industrial,V1.UC58.4
645,Industrial,V1.UC59.0
646,Industrial,V1.UC59.4
647,Industrial,V1.UC60.0
648,Industrial,V1.UC63.0
649,Industrial,V1.UC64.0
650,Industrial,SRS011061
651,Industrial,SRS011084
652,Industrial,SRS011134
653,Industrial,SRS011239
654,Industrial,SRS011271
655,Industrial,SRS011302
656,Industrial,SRS011405
657,Industrial,SRS011452
658,Industrial,SRS011529
659,Industrial,SRS011586
660,Industrial,SRS012273
661,Industrial,SRS012902
662,Industrial,SRS013158
663,Industrial,SRS013215
664,Industrial,SRS013476
665,Industrial,SRS013521
666,Industrial,SRS013687
667,Industrial,SRS013800
668,Industrial,SRS013951
669,Industrial,SRS014235
670,Industrial,SRS014287
671,Industrial,SRS014313
672,Industrial,SRS014459
673,Industrial,SRS014613
674,Industrial,SRS014683
675,Industrial,SRS014923
676,Industrial,SRS014979
677,Industrial,SRS015065
678,Industrial,SRS015133
679,Industrial,SRS015190
680,Industrial,SRS015217
681,Industrial,SRS015264
682,Industrial,SRS015369
683,Industrial,SRS015578
684,Industrial,SRS015663
685,Industrial,SRS015782
686,Industrial,SRS015794
687,Industrial,SRS015854
688,Industrial,SRS015960
689,Industrial,SRS016018
690,Industrial,SRS016056
691,Industrial,SRS016095
692,Industrial,SRS016203
693,Industrial,SRS016267
694,Industrial,SRS016335
695,Industrial,SRS016495
696,Industrial,SRS016585
697,Industrial,SRS016753
698,Industrial,SRS016954
699,Industrial,SRS016989
700,Industrial,SRS017103
701,Industrial,SRS017191
702,Industrial,SRS017247
703,Industrial,SRS017307
704,Industrial,SRS017433
705,Industrial,SRS017521
706,Industrial,SRS017701
707,Industrial,SRS017821
708,Industrial,SRS018133
709,Industrial,SRS018313
710,Industrial,SRS018351
711,Industrial,SRS018427
712,Industrial,SRS018575
713,Industrial,SRS018656
714,Industrial,SRS018817
715,Industrial,SRS019030
716,Industrial,SRS019161
717,Industrial,SRS019267
718,Industrial,SRS019397
719,Industrial,SRS019582
720,Industrial,SRS019601
721,Industrial,SRS019685
722,Industrial,SRS019787
723,Industrial,SRS019910
724,Industrial,SRS019968
725,Industrial,SRS020233
726,Industrial,SRS020328
727,Industrial,SRS020869
728,Industrial,SRS021484
729,Industrial,SRS021948
730,Industrial,SRS022071
731,Industrial,SRS022137
732,Industrial,SRS022524
733,Industrial,SRS022609
734,Industrial,SRS022713
735,Industrial,SRS023346
736,Industrial,SRS023526
737,Industrial,SRS023583
738,Industrial,SRS023829
739,Industrial,SRS023914
740,Industrial,SRS023971
741,Industrial,SRS024009
742,Industrial,SRS024075
743,Industrial,SRS024132
744,Industrial,SRS024265
745,Industrial,SRS024331
746,Industrial,SRS024388
747,Industrial,SRS024435
748,Industrial,SRS024549
749,Industrial,SRS024625
750,Industrial,SRS042284
751,Industrial,SRS042628
752,Industrial,SRS043001
753,Industrial,SRS043411
754,Industrial,SRS043701
755,Industrial,SRS045004
756,Industrial,SRS045645
757,Industrial,SRS045713
758,Industrial,SRS047014
759,Industrial,SRS047044
760,Industrial,SRS048164
761,Industrial,SRS048870
762,Industrial,SRS049164
763,Industrial,SRS049712
764,Industrial,SRS049900
765,Industrial,SRS049959
766,Industrial,SRS049995
767,Industrial,SRS050299
768,Industrial,SRS050422
769,Industrial,SRS050752
770,Industrial,SRS050925
771,Industrial,SRS051031
772,Industrial,SRS051882
773,Industrial,SRS052027
774,Industrial,SRS052697
775,Industrial,SRS053214
776,Industrial,SRS053335
777,Industrial,SRS053398
778,Industrial,SRS054590
779,Industrial,SRS054956
780,Industrial,SRS055982
781,Industrial,SRS056259
782,Industrial,SRS056519
783,Industrial,SRS057478
784,Industrial,SRS057717
785,Industrial,SRS058723
786,Industrial,SRS058770
787,Industrial,SRS062427
788,Industrial,SRS063040
789,Industrial,SRS063985
790,Industrial,SRS064276
791,Industrial,SRS064557
792,Industrial,SRS064645
793,Industrial,SRS065504
794,Industrial,SRS075398
795,Industrial,SRS077730
796,Industrial,SRS078176
797,Soil,1026.1.4
798,Soil,1043.4.1
799,Soil,3567.1.1
